PathPPS_len,PathPPS_time,Real_len,Acc
77,1172000,1078,0.974025974025974
HCM(ms):,663.66,MapSize(K):,576.0859375
