PathPPS_len,PathPPS_time,Real_len,Acc
72,948000,2304,0.8333333333333334
HCM(ms):,514.31,MapSize(K):,576.0859375
