PathPPS_len,PathPPS_time,Real_len,Acc
150,2441000,2100,0.7866666666666666
HCM(ms):,1278.82,MapSize(K):,1280.078125
