PathPPS_len,PathPPS_time,Real_len,Acc
63,1307000,4032,0.9682539682539683
HCM(ms):,154.08,MapSize(K):,1280.078125
